{
	"parent": "block/block",
	"textures": {
		"wood": "block/stripped_oak_wood",
		"planks": "block/oak_planks",
		"books": "block/bookshelf",
		"particle": "block/oak_planks_inventory"
	},
	"elements": [
		{
			"name": "top",
			"from": [0, 15, 0],
			"to": [16, 16, 16],
			"faces": {
				"north": {"uv": [0, 0, 16, 1], "texture": "#wood", "cullface": "north"},
				"east": {"uv": [0, 0, 16, 1], "texture": "#planks", "cullface": "east"},
				"south": {"uv": [0, 0, 16, 1], "texture": "#wood", "cullface": "south"},
				"west": {"uv": [0, 0, 16, 1], "texture": "#planks", "cullface": "west"},
				"up": {"uv": [0, 0, 16, 16], "texture": "#planks", "cullface": "up"},
				"down": {"uv": [0, 0, 16, 16], "texture": "#wood"}
			}
		},
		{
			"name": "bottom",
			"from": [0, 0, 0],
			"to": [16, 1, 16],
			"faces": {
				"north": {"uv": [0, 15, 16, 16], "texture": "#wood", "cullface": "north"},
				"east": {"uv": [0, 15, 16, 16], "texture": "#planks", "cullface": "east"},
				"south": {"uv": [0, 15, 16, 16], "texture": "#wood", "cullface": "south"},
				"west": {"uv": [0, 15, 16, 16], "texture": "#planks", "cullface": "west"},
				"up": {"uv": [0, 0, 16, 16], "texture": "#wood"},
				"down": {"uv": [0, 0, 16, 16], "texture": "#planks", "cullface": "down"}
			}
		},
		{
			"name": "middle",
			"from": [1, 7, 0],
			"to": [15, 9, 16],
			"faces": {
				"north": {"uv": [1, 7, 15, 9], "texture": "#wood", "cullface": "north"},
				"east": {"uv": [0, 7, 16, 9], "texture": "#missing", "cullface": "east"},
				"south": {"uv": [1, 7, 15, 9], "texture": "#wood", "cullface": "south"},
				"west": {"uv": [0, 7, 16, 9], "texture": "#missing", "cullface": "west"},
				"up": {"uv": [1, 0, 15, 16], "texture": "#wood"},
				"down": {"uv": [1, 0, 15, 16], "texture": "#wood"}
			}
		},
		{
			"name": "west",
			"from": [0, 1, 0],
			"to": [1, 15, 16],
			"faces": {
				"north": {"uv": [15, 1, 16, 15], "texture": "#wood", "cullface": "north"},
				"east": {"uv": [0, 1, 16, 15], "texture": "#wood"},
				"south": {"uv": [0, 1, 1, 15], "texture": "#wood", "cullface": "south"},
				"west": {"uv": [0, 1, 16, 15], "texture": "#planks", "cullface": "west"}
			}
		},
		{
			"name": "east",
			"from": [15, 1, 0],
			"to": [16, 15, 16],
			"faces": {
				"north": {"uv": [0, 1, 1, 15], "texture": "#wood", "cullface": "north"},
				"east": {"uv": [0, 1, 16, 15], "texture": "#planks", "cullface": "east"},
				"south": {"uv": [15, 1, 16, 15], "texture": "#wood", "cullface": "south"},
				"west": {"uv": [0, 1, 16, 15], "texture": "#wood"}
			}
		},
		{
			"name": "divider",
			"from": [1, 1, 7],
			"to": [15, 15, 9],
			"faces": {
				"north": {"uv": [1, 1, 15, 15], "texture": "#wood", "cullface": "north"},
				"south": {"uv": [1, 1, 15, 15], "texture": "#wood", "cullface": "south"}
			}
		},
		{
			"name": "book-1",
			"from": [1, 1, 2],
			"to": [3, 5, 14],
			"faces": {
				"north": {"uv": [13, 11, 15, 15], "texture": "#books", "cullface": "north"},
				"south": {"uv": [13, 11, 15, 15], "texture": "#books", "cullface": "south"},
				"up": {"uv": [13, 13, 15, 13.5], "texture": "#books"}
			}
		},
		{
			"name": "book-2",
			"from": [3, 1, 1],
			"to": [5, 6, 15],
			"faces": {
				"north": {"uv": [11, 10, 13, 15], "texture": "#books", "cullface": "north"},
				"east": {"uv": [11.5, 10, 12.5, 15], "texture": "#books"},
				"south": {"uv": [11, 10, 13, 15], "texture": "#books", "cullface": "south"},
				"west": {"uv": [11.5, 10, 12.5, 15], "texture": "#books"},
				"up": {"uv": [11, 13, 13, 13.5], "texture": "#books"}
			}
		},
		{
			"name": "book-3",
			"from": [5, 1, 2],
			"to": [6, 6, 14],
			"rotation": {"angle": -22.5, "axis": "z", "origin": [6, 1, 0]},
			"faces": {
				"north": {"uv": [9, 11, 10, 15], "texture": "#books", "cullface": "north"},
				"east": {"uv": [9, 11, 10, 15], "texture": "#books"},
				"south": {"uv": [9, 11, 10, 15], "texture": "#books", "cullface": "south"},
				"west": {"uv": [9, 11, 10, 15], "texture": "#books"},
				"up": {"uv": [9, 13, 10, 13.5], "texture": "#books"},
				"down": {"uv": [9, 13, 10, 13.5], "texture": "#books"}
			}
		},
		{
			"name": "book-4",
			"from": [8, 1, 0],
			"to": [10, 7, 16],
			"faces": {
				"north": {"uv": [6, 9, 8, 15], "texture": "#books", "cullface": "north"},
				"east": {"uv": [6.5, 9, 7.5, 15], "texture": "#books"},
				"south": {"uv": [6, 9, 8, 15], "texture": "#books", "cullface": "south"},
				"west": {"uv": [6.5, 9, 7.5, 15], "texture": "#books"}
			}
		},
		{
			"name": "book-5",
			"from": [10, 1, 1],
			"to": [12, 6, 15],
			"faces": {
				"north": {"uv": [4, 10, 6, 15], "texture": "#books", "cullface": "north"},
				"east": {"uv": [4.5, 10, 5.5, 15], "texture": "#books"},
				"south": {"uv": [4, 10, 6, 15], "texture": "#books", "cullface": "south"},
				"up": {"uv": [4, 12, 6, 12.5], "texture": "#books"}
			}
		},
		{
			"name": "book-6",
			"from": [12, 1, 3],
			"to": [13, 5, 13],
			"faces": {
				"north": {"uv": [3, 11, 4, 15], "texture": "#books", "cullface": "north"},
				"south": {"uv": [3, 11, 4, 15], "texture": "#books", "cullface": "south"},
				"up": {"uv": [3, 12.5, 4, 13], "texture": "#books"}
			}
		},
		{
			"name": "book-7",
			"from": [13, 1, 2],
			"to": [15, 6, 14],
			"faces": {
				"north": {"uv": [1, 10, 3, 15], "texture": "#books", "cullface": "north"},
				"south": {"uv": [1, 10, 3, 15], "texture": "#books", "cullface": "south"},
				"west": {"uv": [1, 12.5, 3, 13.5], "texture": "#books"},
				"up": {"uv": [1, 13, 3, 13.5], "texture": "#books"}
			}
		},
		{
			"name": "book-8",
			"from": [1, 9, 2],
			"to": [2, 13, 14],
			"faces": {
				"north": {"uv": [14, 3, 15, 7], "texture": "#books", "cullface": "north"},
				"south": {"uv": [14, 3, 15, 7], "texture": "#books", "cullface": "south"},
				"up": {"uv": [14, 4.5, 15, 5], "texture": "#books"}
			}
		},
		{
			"name": "book-9",
			"from": [2, 9, 1],
			"to": [4, 15, 15],
			"faces": {
				"north": {"uv": [12, 1, 14, 7], "texture": "#books", "cullface": "north"},
				"east": {"uv": [12.5, 1, 13.5, 7], "texture": "#books"},
				"south": {"uv": [12, 1, 14, 7], "texture": "#books", "cullface": "south"},
				"west": {"uv": [12.5, 1, 13.5, 7], "texture": "#books"},
				"up": {"uv": [13, 13, 15, 13.5], "texture": "#books"}
			}
		},
		{
			"name": "book-10",
			"from": [4, 9, 2],
			"to": [5, 13, 14],
			"faces": {
				"north": {"uv": [11, 3, 12, 7], "texture": "#books", "cullface": "north"},
				"south": {"uv": [11, 3, 12, 7], "texture": "#books", "cullface": "south"},
				"up": {"uv": [11, 4.5, 12, 5], "texture": "#books"}
			}
		},
		{
			"name": "book-11",
			"from": [5, 9, 1],
			"to": [7, 14, 15],
			"faces": {
				"north": {"uv": [9, 2, 11, 7], "texture": "#books", "cullface": "north"},
				"east": {"uv": [9.5, 2, 10.5, 7], "texture": "#books"},
				"south": {"uv": [9, 2, 11, 7], "texture": "#books", "cullface": "south"},
				"west": {"uv": [9.5, 2, 10.5, 7], "texture": "#books"},
				"up": {"uv": [9, 4.5, 11, 5], "texture": "#books"}
			}
		},
		{
			"name": "book-12",
			"from": [8, 9, 3],
			"to": [9, 12, 13],
			"rotation": {"angle": 22.5, "axis": "z", "origin": [8, 9, 0]},
			"faces": {
				"north": {"uv": [8, 3, 9, 7], "texture": "#books", "cullface": "north"},
				"east": {"uv": [8, 3, 9, 7], "texture": "#books"},
				"south": {"uv": [8, 3, 9, 7], "texture": "#books", "cullface": "south"},
				"west": {"uv": [8, 3, 9, 7], "texture": "#books"},
				"up": {"uv": [8, 4.5, 9, 5], "texture": "#books"},
				"down": {"uv": [8, 4.5, 9, 5], "texture": "#books"}
			}
		},
		{
			"name": "book-13",
			"from": [9, 9, 2],
			"to": [10, 12, 14],
			"faces": {
				"north": {"uv": [6, 4, 7, 7], "texture": "#books", "cullface": "north"},
				"south": {"uv": [6, 4, 7, 7], "texture": "#books", "cullface": "south"},
				"west": {"uv": [6, 4, 7, 7], "texture": "#books"},
				"up": {"uv": [6, 5, 7, 5.5], "texture": "#books"}
			}
		},
		{
			"name": "book-14",
			"from": [10, 9, 1],
			"to": [12, 14, 15],
			"faces": {
				"north": {"uv": [4, 2, 6, 7], "texture": "#books", "cullface": "north"},
				"east": {"uv": [4.5, 2, 5.5, 7], "texture": "#books"},
				"south": {"uv": [4, 2, 6, 7], "texture": "#books", "cullface": "south"},
				"west": {"uv": [4.5, 2, 5.5, 7], "texture": "#books"},
				"up": {"uv": [4, 4.5, 6, 5], "texture": "#books"}
			}
		},
		{
			"name": "book-15",
			"from": [12, 9, 2],
			"to": [15, 13, 14],
			"faces": {
				"north": {"uv": [1, 3, 4, 7], "texture": "#books", "cullface": "north"},
				"south": {"uv": [4, 3, 1, 7], "texture": "#books", "cullface": "south"},
				"up": {"uv": [1, 4.5, 4, 5], "rotation": 180, "texture": "#books"}
			}
		}
	]
}