{
    "textures": {
        "particle": "#texture",
        "base": "block/gray_concrete"
    },
    "elements": [
        {   "from": [ 5, 0, 6 ],
            "to": [ 11, 1, 10 ],
            "faces": {
                "up":    { "uv": [ 5, 10, 11,  6 ], "texture": "#texture" },
                "north": { "uv": [ 5, 14, 11, 15 ], "texture": "#texture" },
                "south": { "uv": [ 5, 14, 11, 15 ], "texture": "#texture" },
                "west":  { "uv": [ 6, 14, 10, 15 ], "texture": "#texture" },
                "east":  { "uv": [ 6, 14, 10, 15 ], "texture": "#texture" }
            }
        },
        {   "from": [ 4.6, -0.9, 5.6 ],
            "to": [ 11.4, 0.1, 10.4 ],
            "faces": {
                "down":  { "uv": [ 4,  6, 11, 10 ], "texture": "#base", "cullface": "down" },
                "up":    { "uv": [ 4, 10, 11,  6 ], "texture": "#base" },
                "north": { "uv": [ 4, 14, 11, 16 ], "texture": "#base" },
                "south": { "uv": [ 4, 14, 11, 16 ], "texture": "#base" },
                "west":  { "uv": [ 5, 14, 10, 16 ], "texture": "#base" },
                "east":  { "uv": [ 5, 14, 10, 16 ], "texture": "#base" }
            }
        }
    ]
}
