{
	"ambientocclusion": false,
	"textures": {
		"particle": "block/ladder_alt_inventory",
		"texture": "block/ladder_alt"
	},
	"elements": [
		{
			"name": "vertical-west",
			"from": [2, 0, 15.2],
			"to": [4, 16, 16],
			"faces": {
				"north": {"uv": [1, 0, 3, 16], "rotation": 180, "texture": "#texture"},
				"east": {"uv": [3, 0, 4, 16], "rotation": 180, "texture": "#texture"},
				"south": {"uv": [6, 0, 4, 16], "rotation": 180, "texture": "#texture", "cullface": "south"},
				"west": {"uv": [0, 0, 1, 16], "rotation": 180, "texture": "#texture"},
				"up": {"uv": [10, 14.5, 8, 15.5], "texture": "#texture", "cullface": "up"},
				"down": {"uv": [14, 14.5, 12, 15.5], "texture": "#texture", "cullface": "down"}
			}
		},
		{
			"name": "vertical-east",
			"from": [12, 0, 15.2],
			"to": [14, 16, 16],
			"faces": {
				"north": {"uv": [1, 0, 3, 16], "texture": "#texture"},
				"east": {"uv": [0, 0, 1, 16], "texture": "#texture"},
				"south": {"uv": [6, 0, 4, 16], "texture": "#texture", "cullface": "south"},
				"west": {"uv": [3, 0, 4, 16], "texture": "#texture"},
				"up": {"uv": [10, 14.5, 8, 15.5], "texture": "#texture", "cullface": "up"},
				"down": {"uv": [14, 14.5, 12, 15.5], "texture": "#texture", "cullface": "down"}
			}
		},
		{
			"name": "horizontal-1",
			"from": [1, 1, 14.5],
			"to": [15, 3, 15.2],
			"faces": {
				"north": {"uv": [12, 0, 14, 14], "rotation": 270, "texture": "#texture"},
				"east": {"uv": [8, 14.5, 10, 15.5], "rotation": 90, "texture": "#texture"},
				"south": {"uv": [9, 14, 11, 0], "rotation": 270, "texture": "#texture", "cullface": "south"},
				"west": {"uv": [12, 14.5, 14, 15.5], "rotation": 270, "texture": "#texture"},
				"up": {"uv": [8, 14, 9, 0], "rotation": 270, "texture": "#texture"},
				"down": {"uv": [11, 14, 12, 0], "rotation": 270, "texture": "#texture"}
			}
		},
		{
			"name": "horizontal-2",
			"from": [1, 9, 14.5],
			"to": [15, 11, 15.2],
			"faces": {
				"north": {"uv": [9, 0, 11, 14], "rotation": 270, "texture": "#texture"},
				"east": {"uv": [8, 14.5, 10, 15.5], "rotation": 90, "texture": "#texture"},
				"south": {"uv": [12, 14, 14, 0], "rotation": 270, "texture": "#texture", "cullface": "south"},
				"west": {"uv": [12, 14.5, 14, 15.5], "rotation": 270, "texture": "#texture"},
				"up": {"uv": [11, 14, 12, 0], "rotation": 270, "texture": "#texture"},
				"down": {"uv": [8, 14, 9, 0], "rotation": 270, "texture": "#texture"}
			}
		},
		{
			"name": "horizontal-3",
			"from": [1, 5, 14.5],
			"to": [15, 7, 15.2],
			"faces": {
				"north": {"uv": [12, 0, 14, 14], "rotation": 90, "texture": "#texture"},
				"east": {"uv": [8, 14.5, 10, 15.5], "rotation": 90, "texture": "#texture"},
				"south": {"uv": [9, 14, 11, 0], "rotation": 90, "texture": "#texture", "cullface": "south"},
				"west": {"uv": [12, 14.5, 14, 15.5], "rotation": 270, "texture": "#texture"},
				"up": {"uv": [8, 14, 9, 0], "rotation": 90, "texture": "#texture"},
				"down": {"uv": [11, 14, 12, 0], "rotation": 90, "texture": "#texture"}
			}
		},
		{
			"name": "horizontal-4",
			"from": [1, 13, 14.5],
			"to": [15, 15, 15.2],
			"faces": {
				"north": {"uv": [9, 0, 11, 14], "rotation": 90, "texture": "#texture"},
				"east": {"uv": [8, 14.5, 10, 15.5], "rotation": 90, "texture": "#texture"},
				"south": {"uv": [12, 14, 14, 0], "rotation": 90, "texture": "#texture", "cullface": "south"},
				"west": {"uv": [12, 14.5, 14, 15.5], "rotation": 270, "texture": "#texture"},
				"up": {"uv": [11, 14, 12, 0], "rotation": 90, "texture": "#texture"},
				"down": {"uv": [8, 14, 9, 0], "rotation": 90, "texture": "#texture"}
			}
		}
	]
}