{
	"credit": "Made with Blockbench",
	"textures": {
		"top": "block/large_fern_top",
		"particle": "block/fern_inventory"
	},
	"elements": [
		{
			"from": [8, 0, 0],
			"to": [8, 16, 16],
			"shade": false,
			"rotation": {"angle": 45, "axis": "z", "origin": [8, -7, 8]},
			"faces": {
				"east": {"uv": [0, 16, 16, 0], "rotation": 180, "texture": "#top", "tintindex": 0},
				"west": {"uv": [0, 0, 16, 16], "texture": "#top", "tintindex": 0}
			}
		},
		{
			"from": [8, 0, 0],
			"to": [8, 16, 16],
			"shade": false,
			"rotation": {"angle": -45, "axis": "z", "origin": [8, -7, 8]},
			"faces": {
				"east": {"uv": [0, 16, 16, 0], "rotation": 180, "texture": "#top", "tintindex": 0},
				"west": {"uv": [0, 0, 16, 16], "texture": "#top", "tintindex": 0}
			}
		},
		{
			"from": [0, -2.1, 8.26],
			"to": [16, 13.9, 8.26],
			"shade": false,
			"rotation": {"angle": 45, "axis": "x", "origin": [8, -8.26, 9.5]},
			"faces": {
				"north": {"uv": [16, 0, 0, 16], "texture": "#top", "tintindex": 0},
				"south": {"uv": [0, 0, 16, 16], "texture": "#top", "tintindex": 0}
			}
		},
		{
			"from": [0, -2.1, 7.73],
			"to": [16, 13.9, 7.73],
			"shade": false,
			"rotation": {"angle": -45, "axis": "x", "origin": [8, -8.26, 6.5]},
			"faces": {
				"north": {"uv": [16, 0, 0, 16], "texture": "#top", "tintindex": 0},
				"south": {"uv": [0, 0, 16, 16], "texture": "#top", "tintindex": 0}
			}
		}
	]
}