{
	"ambientocclusion": false,
	"textures": {
		"lever": "block/lever_alt",
		"particle": "block/gray_concrete",
		"base": "block/gray_concrete"
	},
	"elements": [
		{
			"from": [5, -1, 4],
			"to": [11, 2, 12],
			"faces": {
				"north": {"uv": [5, 0, 11, 3], "texture": "#base"},
				"east": {"uv": [4, 0, 12, 3], "texture": "#base"},
				"south": {"uv": [5, 0, 11, 3], "texture": "#base"},
				"west": {"uv": [4, 0, 12, 3], "texture": "#base"},
				"up": {"uv": [9, 6, 15, 14], "texture": "#lever"},
				"down": {"uv": [2, 6, 8, 14], "texture": "#base", "cullface": "down"}
			}
		},
		{
			"from": [7.25, 0.5, 7.25],
			"to": [8.75, 4.5, 8.75],
			"rotation": {"angle": -45, "axis": "x", "origin": [8, 0.5, 8]},
			"faces": {
				"north": {"uv": [4, 6, 6, 12], "texture": "#lever"},
				"east": {"uv": [2, 6, 4, 12], "texture": "#lever"},
				"south": {"uv": [0, 6, 2, 12], "texture": "#lever"},
				"west": {"uv": [6, 6, 8, 12], "texture": "#lever"}
			}
		},
		{
			"from": [7, 4.5, 7],
			"to": [9, 7.5, 9],
			"rotation": {"angle": -45, "axis": "x", "origin": [8, 0.5, 8]},
			"faces": {
				"north": {"uv": [6, 2, 8, 5], "texture": "#lever"},
				"east": {"uv": [4, 2, 6, 5], "texture": "#lever"},
				"south": {"uv": [2, 2, 4, 5], "texture": "#lever"},
				"west": {"uv": [0, 2, 2, 5], "texture": "#lever"},
				"up": {"uv": [2, 0, 4, 2], "texture": "#lever"},
				"down": {"uv": [4, 0, 6, 2], "texture": "#lever"}
			}
		}
	]
}