{
	"ambientocclusion": false,
	"textures": {
		"side": "block/pointed_dripstone_up_frustum",
		"particle": "block/pointed_dripstone_end",
		"end": "block/pointed_dripstone_end"
	},
	"elements": [
		{
			"name": "top",
			"from": [4, 0, 4],
			"to": [12, 5, 12],
			"rotation": {"angle": -22.5, "axis": "y", "origin": [8, 0, 8]},
			"faces": {
				"north": {"uv": [4, 11, 12, 16], "texture": "#side"},
				"east": {"uv": [4, 11, 12, 16], "texture": "#side"},
				"south": {"uv": [4, 11, 12, 16], "texture": "#side"},
				"west": {"uv": [4, 11, 12, 16], "texture": "#side"},
				"up": {"uv": [4, 4, 12, 12], "texture": "#end"},
				"down": {"uv": [4, 4, 12, 12], "texture": "#end", "cullface": "down"}
			}
		},
		{
			"name": "middle",
			"from": [3, 5, 3],
			"to": [13, 11, 13],
			"rotation": {"angle": 45, "axis": "y", "origin": [8, 0, 8]},
			"faces": {
				"north": {"uv": [3, 5, 13, 11], "texture": "#side"},
				"east": {"uv": [3, 5, 13, 11], "texture": "#side"},
				"south": {"uv": [3, 5, 13, 11], "texture": "#side"},
				"west": {"uv": [3, 5, 13, 11], "texture": "#side"},
				"up": {"uv": [3, 3, 13, 13], "texture": "#end"},
				"down": {"uv": [3, 3, 13, 13], "texture": "#end"}
			}
		},
		{
			"name": "bottom",
			"from": [2, 11, 2],
			"to": [14, 16, 14],
			"rotation": {"angle": 0, "axis": "y", "origin": [8, 0, 8]},
			"faces": {
				"north": {"uv": [2, 0, 14, 5], "texture": "#side"},
				"east": {"uv": [2, 0, 14, 5], "texture": "#side"},
				"south": {"uv": [2, 0, 14, 5], "texture": "#side"},
				"west": {"uv": [2, 0, 14, 5], "texture": "#side"},
				"up": {"uv": [2, 2, 14, 14], "rotation": 90, "texture": "#end", "cullface": "up"},
				"down": {"uv": [2, 2, 14, 14], "rotation": 270, "texture": "#end"}
			}
		}
	]
}