{
	"ambientocclusion": true,
	"textures": {
		"side": "block/pointed_dripstone_up_middle",
		"particle": "block/pointed_dripstone_end",
		"end": "block/pointed_dripstone_end"
	},
	"elements": [
		{
			"name": "top",
			"from": [2, 0, 2],
			"to": [14, 2, 14],
			"rotation": {"angle": -22.5, "axis": "y", "origin": [8, 0, 8]},
			"faces": {
				"north": {"uv": [2, 14, 14, 16], "texture": "#side"},
				"east": {"uv": [2, 14, 14, 16], "texture": "#side"},
				"south": {"uv": [2, 14, 14, 16], "texture": "#side"},
				"west": {"uv": [2, 14, 14, 16], "texture": "#side"},
				"up": {"uv": [2, 2, 14, 14], "texture": "#end"},
				"down": {"uv": [2, 2, 14, 14], "texture": "#end", "cullface": "down"}
			}
		},
		{
			"name": "inner",
			"from": [3, 2, 3],
			"to": [13, 5, 13],
			"rotation": {"angle": 45, "axis": "y", "origin": [8, 0, 8]},
			"faces": {
				"north": {"uv": [3, 11, 13, 14], "texture": "#side"},
				"east": {"uv": [3, 11, 13, 14], "texture": "#side"},
				"south": {"uv": [3, 11, 13, 14], "texture": "#side"},
				"west": {"uv": [3, 11, 13, 14], "texture": "#side"},
				"up": {"uv": [3, 3, 13, 13], "texture": "#end"},
				"down": {"uv": [3, 3, 13, 13], "texture": "#end"}
			}
		},
		{
			"name": "bottom",
			"from": [2, 5, 2],
			"to": [14, 9, 14],
			"rotation": {"angle": 0, "axis": "y", "origin": [8, 0, 8]},
			"faces": {
				"north": {"uv": [2, 7, 14, 11], "texture": "#side"},
				"east": {"uv": [2, 7, 14, 11], "texture": "#side"},
				"south": {"uv": [2, 7, 14, 11], "texture": "#side"},
				"west": {"uv": [2, 7, 14, 11], "texture": "#side"},
				"up": {"uv": [2, 2, 14, 14], "texture": "#end"},
				"down": {"uv": [2, 2, 14, 14], "texture": "#end"}
			}
		},
		{
			"name": "inner",
			"from": [3, 9, 3],
			"to": [13, 12, 13],
			"rotation": {"angle": 22.5, "axis": "y", "origin": [8, 0, 8]},
			"faces": {
				"north": {"uv": [3, 4, 13, 7], "texture": "#side"},
				"east": {"uv": [3, 4, 13, 7], "texture": "#side"},
				"south": {"uv": [3, 4, 13, 7], "texture": "#side"},
				"west": {"uv": [3, 4, 13, 7], "texture": "#side"},
				"up": {"uv": [3, 3, 13, 13], "texture": "#end"},
				"down": {"uv": [3, 3, 13, 13], "texture": "#end"}
			}
		},
		{
			"name": "bottom",
			"from": [2, 12, 2],
			"to": [14, 16, 14],
			"rotation": {"angle": 45, "axis": "y", "origin": [8, 0, 8]},
			"faces": {
				"north": {"uv": [2, 0, 14, 4], "texture": "#side"},
				"east": {"uv": [2, 0, 14, 4], "texture": "#side"},
				"south": {"uv": [2, 0, 14, 4], "texture": "#side"},
				"west": {"uv": [2, 0, 14, 4], "texture": "#side"},
				"up": {"uv": [2, 2, 14, 14], "texture": "#end", "cullface": "up"},
				"down": {"uv": [2, 2, 14, 14], "texture": "#end"}
			}
		}
	]
}