{
	"ambientocclusion": false,
	"textures": {
		"side": "block/pointed_dripstone_up_tip",
		"particle": "block/pointed_dripstone_end",
		"end": "block/pointed_dripstone_end"
	},
	"elements": [
		{
			"name": "top",
			"from": [7, 5, 7],
			"to": [9, 8, 9],
			"rotation": {"angle": 0, "axis": "y", "origin": [8, 0, 8]},
			"faces": {
				"north": {"uv": [7, 8, 9, 11], "texture": "#side"},
				"east": {"uv": [7, 8, 9, 11], "texture": "#side"},
				"south": {"uv": [7, 8, 9, 11], "texture": "#side"},
				"west": {"uv": [7, 8, 9, 11], "texture": "#side"},
				"down": {"uv": [7, 7, 9, 9], "texture": "#end"}
			}
		},
		{
			"name": "upper",
			"from": [6, 8, 6],
			"to": [10, 11, 10],
			"rotation": {"angle": 22.5, "axis": "y", "origin": [8, 0, 8]},
			"faces": {
				"north": {"uv": [6, 5, 10, 8], "texture": "#side"},
				"east": {"uv": [6, 5, 10, 8], "texture": "#side"},
				"south": {"uv": [6, 5, 10, 8], "texture": "#side"},
				"west": {"uv": [6, 5, 10, 8], "texture": "#side"},
				"down": {"uv": [6, 6, 10, 10], "texture": "#end"}
			}
		},
		{
			"name": "lower",
			"from": [5, 11, 5],
			"to": [11, 15, 11],
			"rotation": {"angle": 45, "axis": "y", "origin": [8, 0, 8]},
			"faces": {
				"north": {"uv": [5, 1, 11, 5], "texture": "#side"},
				"east": {"uv": [5, 1, 11, 5], "texture": "#side"},
				"south": {"uv": [5, 1, 11, 5], "texture": "#side"},
				"west": {"uv": [5, 1, 11, 5], "texture": "#side"},
				"down": {"uv": [5, 5, 11, 11], "texture": "#end"}
			}
		},
		{
			"name": "bottom",
			"from": [4, 15, 4],
			"to": [12, 16, 12],
			"rotation": {"angle": 22.5, "axis": "y", "origin": [8, 0, 8]},
			"faces": {
				"north": {"uv": [4, 0, 12, 1], "texture": "#side"},
				"east": {"uv": [4, 0, 12, 1], "texture": "#side"},
				"south": {"uv": [4, 0, 12, 1], "texture": "#side"},
				"west": {"uv": [4, 0, 12, 1], "texture": "#side"},
				"up": {"uv": [4, 4, 12, 12], "texture": "#end", "cullface": "up"},
				"down": {"uv": [4, 4, 12, 12], "texture": "#end"}
			}
		}
	]
}