{
	"ambientocclusion": true,
	"textures": {
		"side": "block/pointed_dripstone_up_base",
		"particle": "block/pointed_dripstone_end",
		"end": "block/pointed_dripstone_end"
	},
	"elements": [
		{
			"name": "top",
			"from": [2, 13, 2],
			"to": [14, 16, 14],
			"rotation": {"angle": 22.5, "axis": "y", "origin": [8, 0, 8]},
			"faces": {
				"north": {"uv": [2, 0, 14, 3], "texture": "#side"},
				"east": {"uv": [2, 0, 14, 3], "texture": "#side"},
				"south": {"uv": [2, 0, 14, 3], "texture": "#side"},
				"west": {"uv": [2, 0, 14, 3], "texture": "#side"},
				"up": {"uv": [2, 2, 14, 14], "texture": "#end", "cullface": "up"},
				"down": {"uv": [2, 2, 14, 14], "texture": "#end"}
			}
		},
		{
			"name": "middle",
			"from": [1, 4, 1],
			"to": [15, 13, 15],
			"rotation": {"angle": 45, "axis": "y", "origin": [8, 0, 8]},
			"faces": {
				"north": {"uv": [1, 3, 15, 12], "texture": "#side"},
				"east": {"uv": [1, 3, 15, 12], "texture": "#side"},
				"south": {"uv": [1, 3, 15, 12], "texture": "#side"},
				"west": {"uv": [1, 3, 15, 12], "texture": "#side"},
				"up": {"uv": [1, 1, 15, 15], "texture": "#end"},
				"down": {"uv": [1, 1, 15, 15], "texture": "#end"}
			}
		},
		{
			"name": "bottom",
			"from": [0, 0, 0],
			"to": [16, 4, 16],
			"rotation": {"angle": 0, "axis": "y", "origin": [8, 0, 8]},
			"faces": {
				"north": {"uv": [0, 12, 16, 16], "texture": "#side", "cullface": "north"},
				"east": {"uv": [0, 12, 16, 16], "texture": "#side", "cullface": "east"},
				"south": {"uv": [0, 12, 16, 16], "texture": "#side", "cullface": "south"},
				"west": {"uv": [0, 12, 16, 16], "texture": "#side", "cullface": "west"},
				"up": {"uv": [0, 0, 16, 16], "texture": "#end"},
				"down": {"uv": [0, 0, 16, 16], "texture": "#end"}
			}
		}
	]
}