{
	"ambientocclusion": false,
	"textures": {
		"rail": "block/rail"
	},
	"elements": [
		{
			"name": "Rail-West",
			"from": [3, 0.5, 0],
			"to": [4, 1.9, 16],
			"faces": {
				"north": {"uv": [14, 2, 16, 4], "rotation": 90, "texture": "#rail", "cullface": "north"},
				"east": {"uv": [0, 4, 16, 6], "texture": "#rail"},
				"south": {"uv": [0, 2, 2, 4], "rotation": 90, "texture": "#rail", "cullface": "south"},
				"west": {"uv": [0, 0, 16, 2], "rotation": 180, "texture": "#rail"},
				"up": {"uv": [0, 2, 16, 4], "rotation": 270, "texture": "#rail"},
				"down": {"uv": [0, 2, 16, 4], "rotation": 90, "texture": "#rail", "cullface": "down"}
			}
		},
		{
			"name": "Rail-West-Powered",
			"from": [4.5, 0.5, 0],
			"to": [5.5, 1.5, 16],
			"faces": {
				"north": {"uv": [14, 2, 16, 4], "rotation": 90, "texture": "#powered", "cullface": "north"},
				"east": {"uv": [0, 4, 16, 6], "texture": "#powered"},
				"south": {"uv": [0, 2, 2, 4], "rotation": 90, "texture": "#powered", "cullface": "south"},
				"west": {"uv": [0, 0, 16, 2], "rotation": 180, "texture": "#powered"},
				"up": {"uv": [0, 2, 16, 4], "rotation": 270, "texture": "#powered"},
				"down": {"uv": [0, 2, 16, 4], "rotation": 90, "texture": "#powered", "cullface": "down"}
			}
		},
		{
			"name": "Rail-Center-Powered",
			"from": [7, 0.05, 3],
			"to": [9, 0.75, 13],
			"faces": {
				"east": {"uv": [0, 10, 10, 11], "texture": "#powered"},
				"west": {"uv": [0, 7, 10, 8], "rotation": 180, "texture": "#powered"},
				"up": {"uv": [0, 8, 10, 10], "rotation": 270, "texture": "#powered"},
				"down": {"uv": [0, 8, 10, 10], "rotation": 90, "texture": "#powered", "cullface": "down"}
			}
		},
		{
			"name": "Rail-East-Powered",
			"from": [10.5, 0.5, 0],
			"to": [11.5, 1.5, 16],
			"faces": {
				"north": {"uv": [14, 2, 16, 4], "rotation": 90, "texture": "#powered", "cullface": "north"},
				"east": {"uv": [0, 4, 16, 6], "texture": "#powered"},
				"south": {"uv": [0, 2, 2, 4], "rotation": 90, "texture": "#powered", "cullface": "south"},
				"west": {"uv": [0, 0, 16, 2], "rotation": 180, "texture": "#powered"},
				"up": {"uv": [0, 2, 16, 4], "rotation": 270, "texture": "#powered"},
				"down": {"uv": [0, 2, 16, 4], "rotation": 90, "texture": "#powered", "cullface": "down"}
			}
		},
		{
			"name": "Rail-East",
			"from": [12, 0.5, 0],
			"to": [13, 1.9, 16],
			"faces": {
				"north": {"uv": [14, 2, 16, 4], "rotation": 90, "texture": "#rail", "cullface": "north"},
				"east": {"uv": [0, 4, 16, 6], "texture": "#rail"},
				"south": {"uv": [0, 2, 2, 4], "rotation": 90, "texture": "#rail", "cullface": "south"},
				"west": {"uv": [0, 0, 16, 2], "rotation": 180, "texture": "#rail"},
				"up": {"uv": [0, 2, 16, 4], "rotation": 270, "texture": "#rail"},
				"down": {"uv": [0, 2, 16, 4], "rotation": 90, "texture": "#rail", "cullface": "down"}
			}
		},
		{
			"name": "Tie-1",
			"from": [1, 0, 1],
			"to": [15, 0.8, 3],
			"faces": {
				"north": {"uv": [1, 11, 15, 12], "rotation": 180, "texture": "#rail"},
				"east": {"uv": [15, 12, 16, 14], "rotation": 90, "texture": "#rail"},
				"south": {"uv": [1, 14, 15, 15], "texture": "#rail"},
				"west": {"uv": [0, 12, 1, 14], "rotation": 270, "texture": "#rail"},
				"up": {"uv": [1, 12, 15, 14], "texture": "#rail"},
				"down": {"uv": [1, 9, 15, 11], "texture": "#rail", "cullface": "down"}
			}
		},
		{
			"name": "Tie-2",
			"from": [1, 0, 5],
			"to": [15, 0.8, 7],
			"faces": {
				"north": {"uv": [1, 14, 15, 15], "texture": "#rail"},
				"east": {"uv": [0, 12, 1, 14], "rotation": 270, "texture": "#rail"},
				"south": {"uv": [1, 11, 15, 12], "rotation": 180, "texture": "#rail"},
				"west": {"uv": [15, 12, 16, 14], "rotation": 90, "texture": "#rail"},
				"up": {"uv": [1, 12, 15, 14], "rotation": 180, "texture": "#rail"},
				"down": {"uv": [1, 9, 15, 11], "rotation": 180, "texture": "#rail", "cullface": "down"}
			}
		},
		{
			"name": "Tie-3",
			"from": [1, 0, 9],
			"to": [15, 0.8, 11],
			"faces": {
				"north": {"uv": [1, 11, 15, 12], "rotation": 180, "texture": "#rail"},
				"east": {"uv": [15, 12, 16, 14], "rotation": 90, "texture": "#rail"},
				"south": {"uv": [1, 14, 15, 15], "texture": "#rail"},
				"west": {"uv": [0, 12, 1, 14], "rotation": 270, "texture": "#rail"},
				"up": {"uv": [1, 12, 15, 14], "texture": "#rail"},
				"down": {"uv": [1, 9, 15, 11], "texture": "#rail", "cullface": "down"}
			}
		},
		{
			"name": "Tie-4",
			"from": [1, 0, 13],
			"to": [15, 0.8, 15],
			"faces": {
				"north": {"uv": [1, 14, 15, 15], "texture": "#rail"},
				"east": {"uv": [0, 12, 1, 14], "rotation": 270, "texture": "#rail"},
				"south": {"uv": [1, 11, 15, 12], "rotation": 180, "texture": "#rail"},
				"west": {"uv": [15, 12, 16, 14], "rotation": 90, "texture": "#rail"},
				"up": {"uv": [1, 12, 15, 14], "rotation": 180, "texture": "#rail"},
				"down": {"uv": [1, 9, 15, 11], "rotation": 180, "texture": "#rail", "cullface": "down"}
			}
		}
	]
}