{
	"ambientocclusion": false,
	"textures": {
		"rail": "block/rail"
	},
	"elements": [
		{
			"name": "rail-west-top",
			"from": [2.97, 16.4, 0],
			"to": [4.03, 17.9, 1.5],
			"rotation": {"angle": 45, "axis": "x", "origin": [8, 17.9, 0]},
			"faces": {
				"north": {"uv": [14, 2, 16, 4], "rotation": 90, "texture": "#rail", "cullface": "north"},
				"east": {"uv": [14.5, 4, 16, 6], "texture": "#rail"},
				"south": {"uv": [14, 2, 16, 4], "rotation": 90, "texture": "#rail"},
				"west": {"uv": [14.5, 0, 16, 2], "rotation": 180, "texture": "#rail"},
				"up": {"uv": [14.5, 2, 16, 4], "rotation": 270, "texture": "#rail"},
				"down": {"uv": [14.5, 2, 16, 4], "rotation": 90, "texture": "#rail"}
			}
		},
		{
			"name": "rail-west",
			"from": [3, 0.4, -5.15],
			"to": [4, 1.9, 16],
			"rotation": {"angle": 45, "axis": "x", "origin": [8, 1.9, 16]},
			"faces": {
				"north": {"uv": [14, 2, 16, 4], "rotation": 90, "texture": "#rail"},
				"east": {"uv": [0, 4, 16, 6], "texture": "#rail"},
				"south": {"uv": [0, 2, 2, 4], "rotation": 90, "texture": "#rail"},
				"west": {"uv": [0, 0, 16, 2], "rotation": 180, "texture": "#rail"},
				"up": {"uv": [0, 2, 16, 4], "rotation": 270, "texture": "#rail"},
				"down": {"uv": [0, 2, 16, 4], "rotation": 90, "texture": "#rail"}
			}
		},
		{
			"name": "rail-west-bottom",
			"from": [3.02, 0.4, 16],
			"to": [3.97, 1.2, 16.5],
			"rotation": {"angle": 45, "axis": "x", "origin": [8, 1.9, 16]},
			"faces": {
				"north": {"uv": [0, 2, 1, 4], "rotation": 90, "texture": "#rail", "cullface": "north"},
				"east": {"uv": [0, 5, 1, 6], "texture": "#rail"},
				"south": {"uv": [0, 2, 1, 4], "rotation": 90, "texture": "#rail"},
				"west": {"uv": [0, 0, 1, 1], "rotation": 180, "texture": "#rail"},
				"up": {"uv": [0, 2, 1, 4], "rotation": 270, "texture": "#rail"},
				"down": {"uv": [0, 2, 1, 4], "rotation": 90, "texture": "#rail"}
			}
		},
		{
			"name": "rail-west-bottom-cap",
			"from": [3.05, 0.5, 15.3],
			"to": [3.95, 1.9, 16],
			"rotation": {"angle": 0, "axis": "x", "origin": [8, 1.9, 16]},
			"faces": {
				"north": {"uv": [0, 2, 1, 4], "rotation": 90, "texture": "#rail", "cullface": "north"},
				"east": {"uv": [0, 4, 0.7, 6], "texture": "#rail"},
				"south": {"uv": [0, 2, 1, 4], "rotation": 90, "texture": "#rail"},
				"west": {"uv": [0, 0, 1, 2], "rotation": 180, "texture": "#rail"},
				"up": {"uv": [0, 2, 1, 4], "rotation": 270, "texture": "#rail"},
				"down": {"uv": [0, 2, 1, 4], "rotation": 90, "texture": "#rail"}
			}
		},
		{
			"name": "rail-west-powered",
			"from": [4.5, 0.4, -5.15],
			"to": [5.5, 1.4, 16],
			"rotation": {"angle": 45, "axis": "x", "origin": [8, 1.9, 16]},
			"faces": {
				"north": {"uv": [14, 2, 16, 4], "rotation": 90, "texture": "#powered"},
				"east": {"uv": [0, 4, 16, 6], "texture": "#powered"},
				"south": {"uv": [0, 2, 2, 4], "rotation": 90, "texture": "#powered"},
				"west": {"uv": [0, 0, 16, 2], "rotation": 180, "texture": "#powered"},
				"up": {"uv": [0, 2, 16, 4], "rotation": 270, "texture": "#powered"},
				"down": {"uv": [0, 2, 16, 4], "rotation": 90, "texture": "#powered"}
			}
		},
		{
			"name": "rail-center-powered",
			"from": [7, -0.2, -1],
			"to": [9, 0.5, 13.15],
			"rotation": {"angle": 45, "axis": "x", "origin": [8, 1.9, 16]},
			"faces": {
				"north": {"uv": [14, 8, 16, 10], "rotation": 90, "texture": "#powered"},
				"east": {"uv": [0, 10, 16, 11], "texture": "#powered"},
				"south": {"uv": [0, 8, 2, 10], "rotation": 90, "texture": "#powered"},
				"west": {"uv": [0, 7, 16, 8], "rotation": 180, "texture": "#powered"},
				"up": {"uv": [0, 8, 16, 10], "rotation": 270, "texture": "#powered"},
				"down": {"uv": [0, 8, 16, 10], "rotation": 90, "texture": "#powered"}
			}
		},
		{
			"name": "rail-east-powered",
			"from": [10.5, 0.4, -5.15],
			"to": [11.5, 1.4, 16],
			"rotation": {"angle": 45, "axis": "x", "origin": [8, 1.9, 16]},
			"faces": {
				"north": {"uv": [14, 2, 16, 4], "rotation": 90, "texture": "#powered"},
				"east": {"uv": [0, 4, 16, 6], "texture": "#powered"},
				"south": {"uv": [0, 2, 2, 4], "rotation": 90, "texture": "#powered"},
				"west": {"uv": [0, 0, 16, 2], "rotation": 180, "texture": "#powered"},
				"up": {"uv": [0, 2, 16, 4], "rotation": 270, "texture": "#powered"},
				"down": {"uv": [0, 2, 16, 4], "rotation": 90, "texture": "#powered"}
			}
		},
		{
			"name": "rail-east-top",
			"from": [11.97, 16.4, 0],
			"to": [13.03, 17.9, 1.5],
			"rotation": {"angle": 45, "axis": "x", "origin": [8, 17.9, 0]},
			"faces": {
				"north": {"uv": [14, 2, 16, 4], "rotation": 90, "texture": "#rail", "cullface": "north"},
				"east": {"uv": [14.5, 4, 16, 6], "texture": "#rail"},
				"south": {"uv": [14, 2, 16, 4], "rotation": 90, "texture": "#rail"},
				"west": {"uv": [14.5, 0, 16, 2], "rotation": 180, "texture": "#rail"},
				"up": {"uv": [14.5, 2, 16, 4], "rotation": 270, "texture": "#rail"},
				"down": {"uv": [14.5, 2, 16, 4], "rotation": 90, "texture": "#rail"}
			}
		},
		{
			"name": "rail-east",
			"from": [12, 0.4, -5.15],
			"to": [13, 1.9, 16],
			"rotation": {"angle": 45, "axis": "x", "origin": [8, 1.9, 16]},
			"faces": {
				"north": {"uv": [14, 2, 16, 4], "rotation": 90, "texture": "#rail"},
				"east": {"uv": [0, 4, 16, 6], "texture": "#rail"},
				"south": {"uv": [0, 2, 2, 4], "rotation": 90, "texture": "#rail"},
				"west": {"uv": [0, 0, 16, 2], "rotation": 180, "texture": "#rail"},
				"up": {"uv": [0, 2, 16, 4], "rotation": 270, "texture": "#rail"},
				"down": {"uv": [0, 2, 16, 4], "rotation": 90, "texture": "#rail"}
			}
		},
		{
			"name": "rail-east-bottom",
			"from": [12.02, 0.4, 16],
			"to": [12.97, 1.2, 16.5],
			"rotation": {"angle": 45, "axis": "x", "origin": [8, 1.9, 16]},
			"faces": {
				"north": {"uv": [0, 2, 1, 4], "rotation": 90, "texture": "#rail", "cullface": "north"},
				"east": {"uv": [0, 5, 1, 6], "texture": "#rail"},
				"south": {"uv": [0, 2, 1, 4], "rotation": 90, "texture": "#rail"},
				"west": {"uv": [0, 0, 1, 1], "rotation": 180, "texture": "#rail"},
				"up": {"uv": [0, 2, 1, 4], "rotation": 270, "texture": "#rail"},
				"down": {"uv": [0, 2, 1, 4], "rotation": 90, "texture": "#rail"}
			}
		},
		{
			"name": "rail-east-bottom-cap",
			"from": [12.05, 0.5, 15.3],
			"to": [12.95, 1.9, 16],
			"rotation": {"angle": 0, "axis": "x", "origin": [8, 1.9, 16]},
			"faces": {
				"north": {"uv": [0, 2, 1, 4], "rotation": 90, "texture": "#rail", "cullface": "north"},
				"east": {"uv": [0, 4, 0.7, 6], "texture": "#rail"},
				"south": {"uv": [0, 2, 1, 4], "rotation": 90, "texture": "#rail"},
				"west": {"uv": [0, 0, 1, 2], "rotation": 180, "texture": "#rail"},
				"up": {"uv": [0, 2, 1, 4], "rotation": 270, "texture": "#rail"},
				"down": {"uv": [0, 2, 1, 4], "rotation": 90, "texture": "#rail"}
			}
		},
		{
			"name": "tie-1",
			"from": [1.1, 7.2, -1],
			"to": [15.1, 8, 1],
			"rotation": {"angle": 45, "axis": "x", "origin": [8, 8, 8]},
			"faces": {
				"north": {"uv": [1, 14, 15, 15], "texture": "#rail"},
				"east": {"uv": [0, 12, 1, 14], "rotation": 270, "texture": "#rail"},
				"south": {"uv": [1, 11, 15, 12], "rotation": 180, "texture": "#rail"},
				"west": {"uv": [15, 12, 16, 14], "rotation": 90, "texture": "#rail"},
				"up": {"uv": [1, 12, 15, 14], "rotation": 180, "texture": "#rail"},
				"down": {"uv": [1, 9, 15, 11], "rotation": 180, "texture": "#rail"}
			}
		},
		{
			"name": "tie-2",
			"from": [1.1, 7.2, 3],
			"to": [15.1, 8, 5],
			"rotation": {"angle": 45, "axis": "x", "origin": [8, 8, 8]},
			"faces": {
				"north": {"uv": [1, 14, 15, 15], "texture": "#rail"},
				"east": {"uv": [0, 12, 1, 14], "rotation": 270, "texture": "#rail"},
				"south": {"uv": [1, 11, 15, 12], "rotation": 180, "texture": "#rail"},
				"west": {"uv": [15, 12, 16, 14], "rotation": 90, "texture": "#rail"},
				"up": {"uv": [1, 12, 15, 14], "rotation": 180, "texture": "#rail"},
				"down": {"uv": [1, 9, 15, 11], "rotation": 180, "texture": "#rail"}
			}
		},
		{
			"name": "tie-3",
			"from": [1.1, 7.2, 7],
			"to": [15.1, 8, 9],
			"rotation": {"angle": 45, "axis": "x", "origin": [8, 8, 8]},
			"faces": {
				"north": {"uv": [1, 14, 15, 15], "texture": "#rail"},
				"east": {"uv": [0, 12, 1, 14], "rotation": 270, "texture": "#rail"},
				"south": {"uv": [1, 11, 15, 12], "rotation": 180, "texture": "#rail"},
				"west": {"uv": [15, 12, 16, 14], "rotation": 90, "texture": "#rail"},
				"up": {"uv": [1, 12, 15, 14], "rotation": 180, "texture": "#rail"},
				"down": {"uv": [1, 9, 15, 11], "rotation": 180, "texture": "#rail"}
			}
		},
		{
			"name": "tie-4",
			"from": [1.1, 7.2, 11],
			"to": [15.1, 8, 13],
			"rotation": {"angle": 45, "axis": "x", "origin": [8, 8, 8]},
			"faces": {
				"north": {"uv": [1, 14, 15, 15], "texture": "#rail"},
				"east": {"uv": [0, 12, 1, 14], "rotation": 270, "texture": "#rail"},
				"south": {"uv": [1, 11, 15, 12], "rotation": 180, "texture": "#rail"},
				"west": {"uv": [15, 12, 16, 14], "rotation": 90, "texture": "#rail"},
				"up": {"uv": [1, 12, 15, 14], "rotation": 180, "texture": "#rail"},
				"down": {"uv": [1, 9, 15, 11], "rotation": 180, "texture": "#rail"}
			}
		},
		{
			"name": "tie-5",
			"from": [1.1, 7.2, 15],
			"to": [15.1, 8, 17],
			"rotation": {"angle": 45, "axis": "x", "origin": [8, 8, 8]},
			"faces": {
				"north": {"uv": [1, 14, 15, 15], "texture": "#rail"},
				"east": {"uv": [0, 12, 1, 14], "rotation": 270, "texture": "#rail"},
				"south": {"uv": [1, 11, 15, 12], "rotation": 180, "texture": "#rail"},
				"west": {"uv": [15, 12, 16, 14], "rotation": 90, "texture": "#rail"},
				"up": {"uv": [1, 12, 15, 14], "rotation": 180, "texture": "#rail"},
				"down": {"uv": [1, 9, 15, 11], "rotation": 180, "texture": "#rail"}
			}
		},
		{
			"name": "support-west",
			"from": [2.1, 5.2, -2.5],
			"to": [3.1, 7.2, 18.5],
			"rotation": {"angle": 45, "axis": "x", "origin": [9, 8, 8]},
			"faces": {
				"north": {"uv": [1, 14, 2, 16], "rotation": 90, "texture": "#rail", "cullface": "north"},
				"east": {"uv": [0, 13.84375, 16, 15.84375], "texture": "#rail"},
				"south": {"uv": [1, 11, 2, 13], "rotation": 180, "texture": "#rail", "cullface": "down"},
				"west": {"uv": [0, 9.03125, 16, 11.03125], "texture": "#rail"},
				"up": {"uv": [0, 15, 16, 16], "rotation": 90, "texture": "#rail"},
				"down": {"uv": [0, 9, 16, 10], "rotation": 90, "texture": "#rail"}
			}
		},
		{
			"name": "support-center",
			"from": [7.6, 5.2, -2.5],
			"to": [8.6, 7.2, 18.5],
			"rotation": {"angle": 45, "axis": "x", "origin": [15, 8, 8]},
			"faces": {
				"north": {"uv": [1, 14, 2, 16], "rotation": 90, "texture": "#rail", "cullface": "north"},
				"east": {"uv": [0, 13.84375, 16, 15.84375], "texture": "#rail"},
				"south": {"uv": [1, 11, 2, 13], "rotation": 180, "texture": "#rail", "cullface": "down"},
				"west": {"uv": [0, 9.03125, 16, 11.03125], "texture": "#rail"},
				"up": {"uv": [0, 15, 16, 16], "rotation": 90, "texture": "#rail"},
				"down": {"uv": [0, 9, 16, 10], "rotation": 90, "texture": "#rail"}
			}
		},
		{
			"name": "support-east",
			"from": [13.1, 5.2, -2.5],
			"to": [14.1, 7.2, 18.5],
			"rotation": {"angle": 45, "axis": "x", "origin": [20, 8, 8]},
			"faces": {
				"north": {"uv": [1, 14, 2, 16], "rotation": 90, "texture": "#rail", "cullface": "north"},
				"east": {"uv": [0, 13.84375, 16, 15.84375], "texture": "#rail"},
				"south": {"uv": [1, 11, 2, 13], "rotation": 180, "texture": "#rail", "cullface": "down"},
				"west": {"uv": [0, 9.03125, 16, 11.03125], "texture": "#rail"},
				"up": {"uv": [0, 15, 16, 16], "rotation": 90, "texture": "#rail"},
				"down": {"uv": [0, 9, 16, 10], "rotation": 90, "texture": "#rail"}
			}
		}
	]
}