{
	"ambientocclusion": false,
	"textures": {
		"leaves": "block/spruce_leaves",
		"particle": "block/spruce_leaves_inventory"
	},
	"elements": [
		{
			"name": "north-v",
			"from": [8, 6, -8],
			"to": [8, 21, 8],
			"rotation": {"angle": -45, "axis": "x", "origin": [8, 14, 8]},
			"faces": {
				"east": {"uv": [0, 0, 16, 16], "rotation": 90, "texture": "#leaves", "tintindex": 0},
				"west": {"uv": [16, 0, 0, 16], "rotation": 270, "texture": "#leaves", "tintindex": 0}
			}
		},
		{
			"name": "south-v",
			"from": [8, 5, 8],
			"to": [8, 20, 24],
			"rotation": {"angle": 45, "axis": "x", "origin": [8, 13, 8]},
			"faces": {
				"east": {"uv": [0, 0, 16, 16], "rotation": 270, "texture": "#leaves", "tintindex": 0},
				"west": {"uv": [16, 0, 0, 16], "rotation": 90, "texture": "#leaves", "tintindex": 0}
			}
		},
		{
			"name": "west-v",
			"from": [-8, 4, 8],
			"to": [8, 19, 8],
			"rotation": {"angle": 45, "axis": "z", "origin": [8, 12, 8]},
			"faces": {
				"north": {"uv": [0, 0, 16, 16], "rotation": 90, "texture": "#leaves", "tintindex": 0},
				"south": {"uv": [16, 0, 0, 16], "rotation": 270, "texture": "#leaves", "tintindex": 0}
			}
		},
		{
			"name": "east-v",
			"from": [8, 3, 8],
			"to": [24, 19, 8],
			"rotation": {"angle": -45, "axis": "z", "origin": [8, 11, 8]},
			"faces": {
				"north": {"uv": [0, 0, 16, 16], "rotation": 270, "texture": "#leaves", "tintindex": 0},
				"south": {"uv": [16, 0, 0, 16], "rotation": 90, "texture": "#leaves", "tintindex": 0}
			}
		},
		{
			"name": "north-h",
			"from": [1, 15, -7],
			"to": [17, 15, 9],
			"rotation": {"angle": -45, "axis": "x", "origin": [8, 15, 8]},
			"faces": {
				"up": {"uv": [16, 0, 0, 16], "texture": "#leaves", "tintindex": 0},
				"down": {"uv": [0, 0, 16, 16], "rotation": 180, "texture": "#leaves", "tintindex": 0}
			}
		},
		{
			"name": "south-h",
			"from": [-2, 14, 8],
			"to": [14, 14, 24],
			"rotation": {"angle": 45, "axis": "x", "origin": [8, 14, 8]},
			"faces": {
				"up": {"uv": [16, 0, 0, 16], "rotation": 180, "texture": "#leaves", "tintindex": 0},
				"down": {"uv": [0, 0, 16, 16], "texture": "#leaves", "tintindex": 0}
			}
		},
		{
			"name": "west-h",
			"from": [-8, 13, -3],
			"to": [8, 13, 13],
			"rotation": {"angle": 45, "axis": "z", "origin": [8, 13, 8]},
			"faces": {
				"up": {"uv": [0, 0, 16, 16], "rotation": 270, "texture": "#leaves", "tintindex": 0},
				"down": {"uv": [16, 0, 0, 16], "rotation": 270, "texture": "#leaves", "tintindex": 0}
			}
		},
		{
			"name": "east-h",
			"from": [8, 12, 3],
			"to": [24, 12, 19],
			"rotation": {"angle": -45, "axis": "z", "origin": [8, 12, 8]},
			"faces": {
				"up": {"uv": [0, 0, 16, 16], "rotation": 90, "texture": "#leaves", "tintindex": 0},
				"down": {"uv": [16, 0, 0, 16], "rotation": 90, "texture": "#leaves", "tintindex": 0}
			}
		}
	]
}