{
	"ambientocclusion": false,
	"textures": {
		"horizontal": "block/spruce_leaves",
		"particle": "block/spruce_leaves_inventory"
	},
	"elements": [
		{
			"name": "north-h",
			"from": [1, 16, -7],
			"to": [17, 16, 9],
			"rotation": {"angle": -22.5, "axis": "x", "origin": [8, 16, 8]},
			"faces": {
				"up": {"uv": [16, 0, 0, 16], "texture": "#horizontal", "tintindex": 0},
				"down": {"uv": [16, 16, 0, 0], "texture": "#horizontal", "tintindex": 0}
			}
		},
		{
			"name": "north-v",
			"from": [8, 4, -8],
			"to": [8, 19, 8],
			"rotation": {"angle": -22.5, "axis": "x", "origin": [8, 12, 8]},
			"faces": {
				"east": {"uv": [0, 0, 16, 16], "rotation": 90, "texture": "#horizontal", "tintindex": 0},
				"west": {"uv": [0, 0, 16, 16], "rotation": 270, "texture": "#horizontal", "tintindex": 0}
			}
		},
		{
			"name": "south-h",
			"from": [-2, 15, 8],
			"to": [14, 15, 24],
			"rotation": {"angle": 22.5, "axis": "x", "origin": [8, 15, 8]},
			"faces": {
				"up": {"uv": [16, 0, 0, 16], "rotation": 180, "texture": "#horizontal", "tintindex": 0},
				"down": {"uv": [16, 16, 0, 0], "rotation": 180, "texture": "#horizontal", "tintindex": 0}
			}
		},
		{
			"name": "south-v",
			"from": [8, 3, 8],
			"to": [8, 18, 24],
			"rotation": {"angle": 22.5, "axis": "x", "origin": [8, 11, 8]},
			"faces": {
				"east": {"uv": [0, 0, 16, 16], "rotation": 270, "texture": "#horizontal", "tintindex": 0},
				"west": {"uv": [0, 0, 16, 16], "rotation": 90, "texture": "#horizontal", "tintindex": 0}
			}
		},
		{
			"name": "west-h",
			"from": [-8, 14, -3],
			"to": [8, 14, 13],
			"rotation": {"angle": 22.5, "axis": "z", "origin": [8, 14, 8]},
			"faces": {
				"up": {"uv": [16, 0, 0, 16], "rotation": 270, "texture": "#horizontal", "tintindex": 0},
				"down": {"uv": [0, 0, 16, 16], "rotation": 270, "texture": "#horizontal", "tintindex": 0}
			}
		},
		{
			"name": "west-v",
			"from": [-8, 2, 8],
			"to": [8, 17, 8],
			"rotation": {"angle": 22.5, "axis": "z", "origin": [8, 10, 8]},
			"faces": {
				"north": {"uv": [0, 0, 16, 16], "rotation": 90, "texture": "#horizontal", "tintindex": 0},
				"south": {"uv": [0, 0, 16, 16], "rotation": 270, "texture": "#horizontal", "tintindex": 0}
			}
		},
		{
			"name": "east-h",
			"from": [8, 13, 3],
			"to": [24, 13, 19],
			"rotation": {"angle": -22.5, "axis": "z", "origin": [8, 13, 8]},
			"faces": {
				"up": {"uv": [16, 0, 0, 16], "rotation": 90, "texture": "#horizontal", "tintindex": 0},
				"down": {"uv": [0, 0, 16, 16], "rotation": 90, "texture": "#horizontal", "tintindex": 0}
			}
		},
		{
			"name": "east-v",
			"from": [8, 1, 8],
			"to": [24, 17, 8],
			"rotation": {"angle": -22.5, "axis": "z", "origin": [8, 9, 8]},
			"faces": {
				"north": {"uv": [0, 0, 16, 16], "rotation": 270, "texture": "#horizontal", "tintindex": 0},
				"south": {"uv": [0, 0, 16, 16], "rotation": 90, "texture": "#horizontal", "tintindex": 0}
			}
		},
		{
			"name": "north-h",
			"from": [-2, 9, -8],
			"to": [14, 9, 8],
			"rotation": {"angle": -22.5, "axis": "x", "origin": [6, 9, 8]},
			"faces": {
				"up": {"uv": [16, 0, 0, 16], "texture": "#horizontal", "tintindex": 0},
				"down": {"uv": [16, 16, 0, 0], "texture": "#horizontal", "tintindex": 0}
			}
		},
		{
			"name": "south-h",
			"from": [2, 8, 8],
			"to": [18, 8, 24],
			"rotation": {"angle": 22.5, "axis": "x", "origin": [10, 8, 8]},
			"faces": {
				"up": {"uv": [16, 0, 0, 16], "rotation": 180, "texture": "#horizontal", "tintindex": 0},
				"down": {"uv": [16, 16, 0, 0], "rotation": 180, "texture": "#horizontal", "tintindex": 0}
			}
		},
		{
			"name": "west-h",
			"from": [-8, 7, 2],
			"to": [8, 7, 18],
			"rotation": {"angle": 22.5, "axis": "z", "origin": [8, 7, 10]},
			"faces": {
				"up": {"uv": [16, 0, 0, 16], "rotation": 270, "texture": "#horizontal", "tintindex": 0},
				"down": {"uv": [0, 0, 16, 16], "rotation": 270, "texture": "#horizontal", "tintindex": 0}
			}
		},
		{
			"name": "east-h",
			"from": [8, 6, -2],
			"to": [24, 6, 14],
			"rotation": {"angle": -22.5, "axis": "z", "origin": [8, 6, 6]},
			"faces": {
				"up": {"uv": [16, 0, 0, 16], "rotation": 90, "texture": "#horizontal", "tintindex": 0},
				"down": {"uv": [0, 0, 16, 16], "rotation": 90, "texture": "#horizontal", "tintindex": 0}
			}
		}
	],
	"groups": [
		{
			"name": "group",
			"origin": [8, 5, 8],
			"color": 0,
			"children": [0, 1, 2, 3, 4, 5, 6, 7]
		},
		{
			"name": "group",
			"origin": [8, 5, 8],
			"color": 0,
			"children": [8, 9, 10, 11]
		}
	]
}