{
	"ambientocclusion": false,
	"textures": {
		"leaves": "block/spruce_leaves",
		"particle": "block/spruce_leaves_inventory"
	},
	"elements": [
		{
			"name": "north-v",
			"from": [8, 0, -8],
			"to": [8, 15, 8],
			"rotation": {"angle": 45, "axis": "y", "origin": [8, 8, 8]},
			"faces": {
				"east": {"uv": [0, 0, 16, 16], "rotation": 180, "texture": "#leaves", "tintindex": 0},
				"west": {"uv": [0, 16, 16, 0], "texture": "#leaves", "tintindex": 0}
			}
		},
		{
			"name": "south-v",
			"from": [8, -1, 8],
			"to": [8, 14, 24],
			"rotation": {"angle": 45, "axis": "y", "origin": [8, 8, 8]},
			"faces": {
				"east": {"uv": [0, 0, 16, 16], "rotation": 180, "texture": "#leaves", "tintindex": 0},
				"west": {"uv": [0, 16, 16, 0], "texture": "#leaves", "tintindex": 0}
			}
		},
		{
			"name": "west-v",
			"from": [-8, -2, 8],
			"to": [8, 13, 8],
			"rotation": {"angle": 45, "axis": "y", "origin": [8, 8, 8]},
			"faces": {
				"north": {"uv": [0, 0, 16, 16], "rotation": 180, "texture": "#leaves", "tintindex": 0},
				"south": {"uv": [0, 16, 16, 0], "texture": "#leaves", "tintindex": 0}
			}
		},
		{
			"name": "east-v",
			"from": [8, -3, 8],
			"to": [24, 13, 8],
			"rotation": {"angle": 45, "axis": "y", "origin": [8, 8, 8]},
			"faces": {
				"north": {"uv": [0, 0, 16, 16], "rotation": 180, "texture": "#leaves", "tintindex": 0},
				"south": {"uv": [0, 16, 16, 0], "texture": "#leaves", "tintindex": 0}
			}
		},
		{
			"name": "north-h",
			"from": [1, 20, -7],
			"to": [17, 20, 9],
			"rotation": {"angle": -45, "axis": "x", "origin": [8, 20, 8]},
			"faces": {
				"up": {"uv": [16, 0, 0, 16], "texture": "#leaves", "tintindex": 0},
				"down": {"uv": [0, 0, 16, 16], "rotation": 180, "texture": "#leaves", "tintindex": 0}
			}
		},
		{
			"name": "south-h",
			"from": [-2, 19, 8],
			"to": [14, 19, 24],
			"rotation": {"angle": 45, "axis": "x", "origin": [8, 19, 8]},
			"faces": {
				"up": {"uv": [16, 0, 0, 16], "rotation": 180, "texture": "#leaves", "tintindex": 0},
				"down": {"uv": [0, 0, 16, 16], "texture": "#leaves", "tintindex": 0}
			}
		},
		{
			"name": "west-h",
			"from": [-8, 18, -3],
			"to": [8, 18, 13],
			"rotation": {"angle": 45, "axis": "z", "origin": [8, 18, 8]},
			"faces": {
				"up": {"uv": [0, 0, 16, 16], "rotation": 270, "texture": "#leaves", "tintindex": 0},
				"down": {"uv": [16, 0, 0, 16], "rotation": 270, "texture": "#leaves", "tintindex": 0}
			}
		},
		{
			"name": "east-h",
			"from": [8, 17, 3],
			"to": [24, 17, 19],
			"rotation": {"angle": -45, "axis": "z", "origin": [8, 17, 8]},
			"faces": {
				"up": {"uv": [0, 0, 16, 16], "rotation": 90, "texture": "#leaves", "tintindex": 0},
				"down": {"uv": [16, 0, 0, 16], "rotation": 90, "texture": "#leaves", "tintindex": 0}
			}
		}
	]
}