{
	"ambientocclusion": false,
	"textures": {
		"particle": "block/sugar_cane"
	},
	"elements": [
		{
			"name": "stem-01",
			"from": [2, 0, 1],
			"to": [3, 16, 2],
			"rotation": {"angle": 45, "axis": "y", "origin": [2.5, 0, 1.5]},
			"faces": {
				"north": {"uv": [4.5, 0, 5.5, 16], "texture": "#all"},
				"east": {"uv": [3, 0, 4, 16], "texture": "#all"},
				"south": {"uv": [1.5, 0, 2.5, 16], "texture": "#all"},
				"west": {"uv": [0, 0, 1, 16], "texture": "#all"},
				"up": {"uv": [14.5, 0, 15.5, 1], "texture": "#all", "cullface": "up"},
				"down": {"uv": [14.5, 1.5, 15.5, 2.5], "texture": "#all", "cullface": "down"}
			}
		},
		{
			"name": "leaf-01-A",
			"from": [-1, 0, 1.5],
			"to": [6, 16, 1.5],
			"rotation": {"angle": 45, "axis": "y", "origin": [2.5, 0, 1.5]},
			"faces": {
				"north": {"uv": [6.5, 0, 13.5, 16], "texture": "#all"},
				"south": {"uv": [13.5, 0, 6.5, 16], "texture": "#all"}
			}
		},
		{
			"name": "leaf-01-B",
			"from": [-1, 0, 1.5],
			"to": [6, 16, 1.5],
			"rotation": {"angle": -45, "axis": "y", "origin": [2.5, 0, 1.5]},
			"faces": {
				"north": {"uv": [6.5, 0, 13.5, 16], "texture": "#all"},
				"south": {"uv": [13.5, 0, 6.5, 16], "texture": "#all"}
			}
		},
		{
			"name": "stem-02",
			"from": [11, 0, 2],
			"to": [12, 16, 3],
			"rotation": {"angle": 0, "axis": "y", "origin": [11.5, 0, 2.5]},
			"faces": {
				"north": {"uv": [4.5, 0, 5.5, 16], "texture": "#all"},
				"east": {"uv": [3, 0, 4, 16], "texture": "#all"},
				"south": {"uv": [1.5, 0, 2.5, 16], "texture": "#all"},
				"west": {"uv": [0, 0, 1, 16], "texture": "#all"},
				"up": {"uv": [14.5, 0, 15.5, 1], "texture": "#all", "cullface": "up"},
				"down": {"uv": [14.5, 1.5, 15.5, 2.5], "texture": "#all", "cullface": "down"}
			}
		},
		{
			"name": "leaf-02-A",
			"from": [8, 0, 2.5],
			"to": [15, 16, 2.5],
			"rotation": {"angle": 0, "axis": "y", "origin": [11.5, 0, 2.5]},
			"faces": {
				"north": {"uv": [6.5, 0, 13.5, 16], "texture": "#all"},
				"south": {"uv": [13.5, 0, 6.5, 16], "texture": "#all"}
			}
		},
		{
			"name": "leaf-02-B",
			"from": [11.5, 0, -1],
			"to": [11.5, 16, 6],
			"rotation": {"angle": 0, "axis": "y", "origin": [11.5, 0, 2.5]},
			"faces": {
				"east": {"uv": [13.5, 0, 6.5, 16], "texture": "#all"},
				"west": {"uv": [6.5, 0, 13.5, 16], "texture": "#all"}
			}
		},
		{
			"name": "stem-03",
			"from": [13, 0, 8],
			"to": [14, 16, 9],
			"rotation": {"angle": 45, "axis": "y", "origin": [13.5, 0, 8.5]},
			"faces": {
				"north": {"uv": [4.5, 0, 5.5, 16], "texture": "#all"},
				"east": {"uv": [3, 0, 4, 16], "texture": "#all"},
				"south": {"uv": [1.5, 0, 2.5, 16], "texture": "#all"},
				"west": {"uv": [0, 0, 1, 16], "texture": "#all"},
				"up": {"uv": [14.5, 0, 15.5, 1], "texture": "#all", "cullface": "up"},
				"down": {"uv": [14.5, 1.5, 15.5, 2.5], "texture": "#all", "cullface": "down"}
			}
		},
		{
			"name": "leaf-03-A",
			"from": [10, 0, 8.5],
			"to": [17, 16, 8.5],
			"rotation": {"angle": 45, "axis": "y", "origin": [13.5, 0, 8.5]},
			"faces": {
				"north": {"uv": [6.5, 0, 13.5, 16], "texture": "#all"},
				"south": {"uv": [13.5, 0, 6.5, 16], "texture": "#all"}
			}
		},
		{
			"name": "leaf-03-B",
			"from": [10, 0, 8.5],
			"to": [17, 16, 8.5],
			"rotation": {"angle": -45, "axis": "y", "origin": [13.5, 0, 8.5]},
			"faces": {
				"north": {"uv": [6.5, 0, 13.5, 16], "texture": "#all"},
				"south": {"uv": [13.5, 0, 6.5, 16], "texture": "#all"}
			}
		},
		{
			"name": "stem-04",
			"from": [5, 0, 6],
			"to": [6, 16, 7],
			"rotation": {"angle": 0, "axis": "y", "origin": [5.5, 0, 6.5]},
			"faces": {
				"north": {"uv": [4.5, 0, 5.5, 16], "texture": "#all"},
				"east": {"uv": [3, 0, 4, 16], "texture": "#all"},
				"south": {"uv": [1.5, 0, 2.5, 16], "texture": "#all"},
				"west": {"uv": [0, 0, 1, 16], "texture": "#all"},
				"up": {"uv": [14.5, 0, 15.5, 1], "texture": "#all", "cullface": "up"},
				"down": {"uv": [14.5, 1.5, 15.5, 2.5], "texture": "#all", "cullface": "down"}
			}
		},
		{
			"name": "leaf-04-A",
			"from": [2, 0, 6.5],
			"to": [9, 16, 6.5],
			"rotation": {"angle": 0, "axis": "y", "origin": [11.5, 0, 2.5]},
			"faces": {
				"north": {"uv": [6.5, 0, 13.5, 16], "texture": "#all"},
				"south": {"uv": [13.5, 0, 6.5, 16], "texture": "#all"}
			}
		},
		{
			"name": "leaf-04-B",
			"from": [5.5, 0, 3],
			"to": [5.5, 16, 10],
			"rotation": {"angle": 0, "axis": "y", "origin": [11.5, 0, 2.5]},
			"faces": {
				"east": {"uv": [13.5, 0, 6.5, 16], "texture": "#all"},
				"west": {"uv": [6.5, 0, 13.5, 16], "texture": "#all"}
			}
		},
		{
			"name": "stem-05",
			"from": [9, 0, 13],
			"to": [10, 16, 14],
			"rotation": {"angle": 0, "axis": "y", "origin": [9.5, 0, 13.5]},
			"faces": {
				"north": {"uv": [4.5, 0, 5.5, 16], "texture": "#all"},
				"east": {"uv": [3, 0, 4, 16], "texture": "#all"},
				"south": {"uv": [1.5, 0, 2.5, 16], "texture": "#all"},
				"west": {"uv": [0, 0, 1, 16], "texture": "#all"},
				"up": {"uv": [14.5, 0, 15.5, 1], "texture": "#all", "cullface": "up"},
				"down": {"uv": [14.5, 1.5, 15.5, 2.5], "texture": "#all", "cullface": "down"}
			}
		},
		{
			"name": "leaf-05-A",
			"from": [6, 0, 13.5],
			"to": [13, 16, 13.5],
			"rotation": {"angle": 0, "axis": "y", "origin": [9.5, 0, 13.5]},
			"faces": {
				"north": {"uv": [6.5, 0, 13.5, 16], "texture": "#all"},
				"south": {"uv": [13.5, 0, 6.5, 16], "texture": "#all"}
			}
		},
		{
			"name": "leaf-05-B",
			"from": [9.5, 0, 10],
			"to": [9.5, 16, 17],
			"rotation": {"angle": 0, "axis": "y", "origin": [9.5, 0, 13.5]},
			"faces": {
				"east": {"uv": [13.5, 0, 6.5, 16], "texture": "#all"},
				"west": {"uv": [6.5, 0, 13.5, 16], "texture": "#all"}
			}
		},
		{
			"name": "stem-06",
			"from": [1, 0, 12],
			"to": [2, 16, 13],
			"rotation": {"angle": 45, "axis": "y", "origin": [1.5, 0, 12.5]},
			"faces": {
				"north": {"uv": [4.5, 0, 5.5, 16], "texture": "#all"},
				"east": {"uv": [3, 0, 4, 16], "texture": "#all"},
				"south": {"uv": [1.5, 0, 2.5, 16], "texture": "#all"},
				"west": {"uv": [0, 0, 1, 16], "texture": "#all"},
				"up": {"uv": [14.5, 0, 15.5, 1], "texture": "#all", "cullface": "up"},
				"down": {"uv": [14.5, 1.5, 15.5, 2.5], "texture": "#all", "cullface": "down"}
			}
		},
		{
			"name": "leaf-01-A",
			"from": [-2, 0, 12.5],
			"to": [5, 16, 12.5],
			"rotation": {"angle": 45, "axis": "y", "origin": [1.5, 0, 12.5]},
			"faces": {
				"north": {"uv": [6.5, 0, 13.5, 16], "texture": "#all"},
				"south": {"uv": [13.5, 0, 6.5, 16], "texture": "#all"}
			}
		},
		{
			"name": "leaf-01-B",
			"from": [-2, 0, 12.5],
			"to": [5, 16, 12.5],
			"rotation": {"angle": -45, "axis": "y", "origin": [1.5, 0, 12.5]},
			"faces": {
				"north": {"uv": [6.5, 0, 13.5, 16], "texture": "#all"},
				"south": {"uv": [13.5, 0, 6.5, 16], "texture": "#all"}
			}
		}
	],
	"groups": [
		{
			"name": "01",
			"origin": [0, 0, 0],
			"color": 0,
			"children": [0, 1, 2]
		},
		{
			"name": "02",
			"origin": [0, 0, 0],
			"color": 0,
			"children": [3, 4, 5]
		},
		{
			"name": "03",
			"origin": [13.5, 0, 8.5],
			"color": 0,
			"children": [6, 7, 8]
		},
		{
			"name": "04",
			"origin": [5.5, 0, 6.5],
			"color": 0,
			"children": [9, 10, 11]
		},
		{
			"name": "05",
			"origin": [0, 0, 0],
			"color": 0,
			"children": [12, 13, 14]
		},
		{
			"name": "06",
			"origin": [1.5, 0, 12.5],
			"color": 0,
			"children": [15, 16, 17]
		}
	]
}