{
    "ambientocclusion": false,
    "textures": {
        "particle": "#torch"
    },
    "elements": [
        {   "from": [ 7, 0, 7 ],
            "to": [ 9, 10, 9 ],
            "shade": false,
            "faces": {
                "up":   { "uv": [ 7,  4, 9,  6 ], "texture": "#torch" },
                "down": { "uv": [ 7, 13, 9, 15 ], "texture": "#torch" },
                "north": { "uv": [ 7, 6, 9, 16 ], "texture": "#torch" },
                "south": { "uv": [ 7, 6, 9, 16 ], "texture": "#torch" },
                "west": { "uv": [ 7, 6, 9, 16 ], "texture": "#torch" },
                "east": { "uv": [ 7, 6, 9, 16 ], "texture": "#torch" }
            }
        }
    ],
    "display": {
        "firstperson_righthand": {
            "rotation": [ -25, 0, -20 ],
            "translation": [ 0, 4, 1]
        },
        "firstperson_lefthand": {
            "rotation": [ -25, 0, 20 ],
            "translation": [ 0, 4, 0]
        },
        "thirdperson_righthand": {
            "rotation": [ 20, 0, 0 ],
            "translation": [ 0, 4, 1]
        },
        "thirdperson_lefthand": {
            "rotation": [ 20, 0, 0 ],
            "translation": [ 0, 4, 1]
        }
    }
}
