{
	"textures": {
		"top": "block/wall_top"
	},
	"elements": [
		{
			"from": [5, 0, 0],
			"to": [11, 12.5, 8],
			"faces": {
				"north": {"uv": [5, 3.5, 11, 16], "texture": "#wall", "cullface": "north"},
				"east": {"uv": [8, 3.5, 16, 16], "texture": "#wall"},
				"west": {"uv": [0, 3.5, 8, 16], "texture": "#wall"},
				"down": {"uv": [5, 8, 11, 16], "texture": "#wall", "cullface": "down"}
			}
		},
		{
			"from": [5, 12.5, 0],
			"to": [11, 14, 8],
			"faces": {
				"north": {"uv": [0, 10, 2, 16], "rotation": 270, "texture": "#top", "cullface": "north"},
				"east": {"uv": [8, 8, 10, 16], "rotation": 90, "texture": "#top"},
				"west": {"uv": [0, 8, 2, 16], "rotation": 270, "texture": "#top"},
				"up": {"uv": [2, 8, 8, 16], "texture": "#top"}
			}
		}
	]
}